<?xml version="1.0" encoding="UTF-8"?>
<!DOCTYPE struts PUBLIC "-//Apache Software Foundation//DTD Struts  
Configuration 2.1//EN" "http://struts.apache.org/dtds/struts-2.5.dtd">  

<struts>  
<package name="default" extends="struts-default">  

<action name="">
  <result>/index.jsp</result>
</action>

<action name="hello" class="com.lithan.sturtsmaven.HelloAction">  
<result name="success">/views/welcome.jsp</result>
<result name="error">/views/error.jsp</result>
</action>  
<action name="registrationPage" >  
<result name="success">/views/register.jsp</result>
<result name="error">/views/error.jsp</result>
</action>   

<action name="frgpswd" class="com.lithan.sturtsmaven.HelloAction">  
<result name="success">/views/GetEmail.jsp</result>
<result name="error">index.jsp</result>
</action>  

<action name="register" class="com.lithan.controller.RegisterAction">  
<result name="success">/views/thankyou.jsp</result>
<result name="input">/views/register.jsp</result>
<result name="error">views/error.jsp</result>
</action> 

<action name="logout" class="com.lithan.sturtsmaven.HelloAction">  
<result name="success">index.jsp</result>
<result name="error">/views/error.jsp</result>
</action> 

<action name="log" class="com.lithan.controller.LoginAction">  
<result name="success">/views/admin.jsp</result>
<result name="home">/views/welcome.jsp</result>
<result name="error">error.jsp</result>
</action> 

<action name="loginform" class="com.lithan.sturtsmaven.HelloAction">  
<result name="success">index.jsp</result>
<result name="error">/views/error.jsp</result>
</action>

<action name="network" class="com.lithan.sturtsmaven.HelloAction">  
<result name="success">/views/welcome.jsp</result>
<result name="error">/views/error.jsp</result>
</action>  

<action name="update" class="com.lithan.sturtsmaven.HelloAction">  
<result name="success">/views/userprofile.jsp</result>
<result name="error">error.jsp</result>
</action>  

<action name="viewall" class="com.lithan.controller.ViewAllAction">  
<result name="success">/views/viewall.jsp</result>
<result name="error">/views/error.jsp</result>
</action> 

<action name="viewrecord" class="com.lithan.controller.ViewUserProfile">  
<result name="success">/views/searchedprofile.jsp</result>
<result name="error">/views/error.jsp</result>
</action>  

<action name="search" class="com.lithan.controller.ViewAllAction">  
<result name="success">/views/viewall.jsp</result>
<result name="error">/views/error.jsp</result>
</action>  

<action name="runemailcheck" class="com.lithan.controller.RunEmailCheck">  
<result name="success">/views/frgpswd.jsp</result>
<result name="error">/views/error.jsp</result>
</action>  

<action name="updatepswd" class="com.lithan.controller.UpdtPswdAction">  
<result name="success">index.jsp</result>
<result name="error">/views/error.jsp</result>
</action> 

<action name="viewuser" class="com.lithan.controller.AsearchAction">  
<result name="success">views/userdata.jsp</result>
<result name="error">/views/error.jsp</result>
</action> 

<action name="deleterecord" class="com.lithan.controller.DeleteAction">  
<result name="delete">views/delete.jsp</result>
<result name="error">/views/error.jsp</result>
</action> 

<action name="useup" class="com.lithan.controller.UpdateAction">  
<result name="success">views/userprofile.jsp</result>
<result name="error">/views/error.jsp</result>
</action> 

<action name="upnow" class="com.lithan.sturtsmaven.HelloAction">  
<result name="success">views/update.jsp</result>
<result name="error">/views/error.jsp</result>
</action> 

</package>  
</struts>      